Workbook

Sheet KPI_Thang1
A1: PHÒNG PA05 | D1: BẢNG TỔNG HỢP KẾT QUẢ CHẤM ĐIỂM
A2: ĐỘI ………. | D2: THỰC HIỆN NHIỆM VỤ CỦA CBCS THÁNG .….. NĂM ……...
A5: STT | B5: Họ và tên | C5: Công tác chuyên môn | D5: Công tác NVCB | E5: Điểm TB Chất lượng | F5: Điểm cộng | G5: Điểm trừ | H5: Tổng điểm (100) | I5: Xếp loại
A6: 1 | B6: Nguyễn Văn A | C6: 90 | D6: 90 | E6: =AVERAGE(C6:D6) -> 90 | F6: 5 | G6: 3 | H6: =ROUND(E6 +F6 - G6,2) -> 92 | I6: =IF(H6>90,"Hoàn thành xuất sắc",IF(H6>=75,"Hoàn thành tốt",IF(H6>=60,"Hoàn thành","Không hoàn thành"))) -> Hoàn thành xuất sắc
A7: 2 | B7: Trần Thị B | C7: 40 | D7: 80 | E7: =AVERAGE(C7:D7) -> 60 | F7: 3 | G7: 3 | H7: =ROUND(E7 +F7 - G7,2) -> 60 | I7: =IF(H7>90,"Hoàn thành xuất sắc",IF(H7>=75,"Hoàn thành tốt",IF(H7>=60,"Hoàn thành","Không hoàn thành"))) -> Hoàn thành
A8: 3 | B8: Đặng Tiến C | C8: 90 | D8: 90 | E8: =AVERAGE(C8:D8) -> 90 | F8: 0 | G8: 0 | H8: =ROUND(E8 +F8 - G8,2) -> 90 | I8: =IF(H8>90,"Hoàn thành xuất sắc",IF(H8>=75,"Hoàn thành tốt",IF(H8>=60,"Hoàn thành","Không hoàn thành"))) -> Hoàn thành tốt
A9: 4 | B9: Lê Văn D | C9: 80 | D9: 80 | E9: =AVERAGE(C9:D9) -> 80 | F9: 0 | G9: 0 | H9: =ROUND(E9 +F9 - G9,2) -> 80 | I9: =IF(H9>90,"Hoàn thành xuất sắc",IF(H9>=75,"Hoàn thành tốt",IF(H9>=60,"Hoàn thành","Không hoàn thành"))) -> Hoàn thành tốt
A10: 5 | B10: ABC | C10: 70 | D10: 80 | E10: =AVERAGE(C10:D10) -> 75 | F10: 0 | G10: 3 | H10: =ROUND(E10 +F10 - G10,2) -> 72 | I10: =IF(H10>90,"Hoàn thành xuất sắc",IF(H10>=75,"Hoàn thành tốt",IF(H10>=60,"Hoàn thành","Không hoàn thành"))) -> Hoàn thành
B12: LÃNH ĐẠO PHÒNG | G12: ĐỘI TRƯỞNG
G13: (Ký, ghi rõ họ tên)

Sheet KPI_Thang2
A1: PHÒNG PA05 | D1: BẢNG TỔNG HỢP KẾT QUẢ CHẤM ĐIỂM
A2: ĐỘI ………. | D2: THỰC HIỆN NHIỆM VỤ THEO KPI CỦA CBCS THÁNG ………
A5: STT | B5: Họ và tên | C5: Công tác chuyên môn | D5: Công tác NVCB | E5: Điểm TB Chất lượng | F5: Điểm cộng | G5: Điểm trừ | H5: Tổng điểm (100) | I5: Xếp loại
A6: 1 | B6: Nguyễn Văn A | C6: 80 | D6: 70 | E6: =AVERAGE(C6:D6) -> 75 | F6: 0 | G6: 3 | H6: =ROUND(E6 +F6 - G6,2) -> 72 | I6: =IF(H6>90,"Hoàn thành xuất sắc",IF(H6>=75,"Hoàn thành tốt",IF(H6>=60,"Hoàn thành","Không hoàn thành"))) -> Hoàn thành
A7: 2 | B7: Trần Thị B | C7: 46 | D7: 90 | E7: =AVERAGE(C7:D7) -> 68 | F7: 8 | G7: 0 | H7: =ROUND(E7 +F7 - G7,2) -> 76 | I7: =IF(H7>90,"Hoàn thành xuất sắc",IF(H7>=75,"Hoàn thành tốt",IF(H7>=60,"Hoàn thành","Không hoàn thành"))) -> Hoàn thành tốt
A8: 3 | B8: Đặng Tiến C | C8: 90 | D8: 90 | E8: =AVERAGE(C8:D8) -> 90 | F8: 5 | G8: 0 | H8: =ROUND(E8 +F8 - G8,2) -> 95 | I8: =IF(H8>90,"Hoàn thành xuất sắc",IF(H8>=75,"Hoàn thành tốt",IF(H8>=60,"Hoàn thành","Không hoàn thành"))) -> Hoàn thành xuất sắc
A9: 4 | B9: Lê Văn D | C9: 82 | D9: 87 | E9: =AVERAGE(C9:D9) -> 84.5 | F9: 2 | G9: 3 | H9: =ROUND(E9 +F9 - G9,2) -> 83.5 | I9: =IF(H9>90,"Hoàn thành xuất sắc",IF(H9>=75,"Hoàn thành tốt",IF(H9>=60,"Hoàn thành","Không hoàn thành"))) -> Hoàn thành tốt
A10: 5 | B10: ABC | C10: 70 | D10: 75 | E10: =AVERAGE(C10:D10) -> 72.5 | F10: 0 | G10: 5 | H10: =ROUND(E10 +F10 - G10,2) -> 67.5 | I10: =IF(H10>90,"Hoàn thành xuất sắc",IF(H10>=75,"Hoàn thành tốt",IF(H10>=60,"Hoàn thành","Không hoàn thành"))) -> Hoàn thành
A12: LÃNH ĐẠO PHÒNG | G12: ĐỘI TRƯỞNG
G13: (Ký, ghi rõ họ tên)

Sheet KPI_Thang3
A1: PHÒNG PA05 | D1: BẢNG TỔNG HỢP KẾT QUẢ CHẤM ĐIỂM
A2: ĐỘI ………. | D2: THỰC HIỆN NHIỆM VỤ THEO KPI CỦA CBCS THÁNG ………
A5: STT | B5: Họ và tên | C5: Công tác chuyên môn | D5: Công tác NVCB | E5: Điểm TB Chất lượng | F5: Điểm cộng | G5: Điểm trừ | H5: Tổng điểm (100) | I5: Xếp loại
A6: 1 | B6: Nguyễn Văn A | C6: 90 | D6: 90 | E6: =AVERAGE(C6:D6) -> 90 | F6: 5 | G6: 3 | H6: =ROUND(E6 +F6 - G6,2) -> 92 | I6: =IF(H6>90,"Hoàn thành xuất sắc",IF(H6>=75,"Hoàn thành tốt",IF(H6>=60,"Hoàn thành","Không hoàn thành"))) -> Hoàn thành xuất sắc
A7: 2 | B7: Trần Thị B | C7: 40 | D7: 80 | E7: =AVERAGE(C7:D7) -> 60 | F7: 3 | G7: 3 | H7: =ROUND(E7 +F7 - G7,2) -> 60 | I7: =IF(H7>90,"Hoàn thành xuất sắc",IF(H7>=75,"Hoàn thành tốt",IF(H7>=60,"Hoàn thành","Không hoàn thành"))) -> Hoàn thành
A8: 3 | B8: Đặng Tiến C | C8: 90 | D8: 90 | E8: =AVERAGE(C8:D8) -> 90 | F8: 0 | G8: 0 | H8: =ROUND(E8 +F8 - G8,2) -> 90 | I8: =IF(H8>90,"Hoàn thành xuất sắc",IF(H8>=75,"Hoàn thành tốt",IF(H8>=60,"Hoàn thành","Không hoàn thành"))) -> Hoàn thành tốt
A9: 4 | B9: Lê Văn D | C9: 80 | D9: 80 | E9: =AVERAGE(C9:D9) -> 80 | F9: 0 | G9: 0 | H9: =ROUND(E9 +F9 - G9,2) -> 80 | I9: =IF(H9>90,"Hoàn thành xuất sắc",IF(H9>=75,"Hoàn thành tốt",IF(H9>=60,"Hoàn thành","Không hoàn thành"))) -> Hoàn thành tốt
A10: 5 | B10: ABC | C10: 70 | D10: 80 | E10: =AVERAGE(C10:D10) -> 75 | F10: 0 | G10: 3 | H10: =ROUND(E10 +F10 - G10,2) -> 72 | I10: =IF(H10>90,"Hoàn thành xuất sắc",IF(H10>=75,"Hoàn thành tốt",IF(H10>=60,"Hoàn thành","Không hoàn thành"))) -> Hoàn thành
A12: LÃNH ĐẠO PHÒNG | G12: ĐỘI TRƯỞNG
G13: (Ký, ghi rõ họ tên)

Sheet KPI_Thang4
A1: PHÒNG PA05 | D1: BẢNG TỔNG HỢP KẾT QUẢ CHẤM ĐIỂM
A2: ĐỘI ………. | D2: THỰC HIỆN NHIỆM VỤ THEO KPI CỦA CBCS THÁNG ………
A5: STT | B5: Họ và tên | C5: Công tác chuyên môn | D5: Công tác NVCB | E5: Điểm TB Chất lượng | F5: Điểm cộng | G5: Điểm trừ | H5: Tổng điểm (100) | I5: Xếp loại
A6: 1 | B6: Nguyễn Văn A | C6: 90 | D6: 90 | E6: =AVERAGE(C6:D6) -> 90 | F6: 5 | G6: 3 | H6: =ROUND(E6 +F6 - G6,2) -> 92 | I6: =IF(H6>90,"Hoàn thành xuất sắc",IF(H6>=75,"Hoàn thành tốt",IF(H6>=60,"Hoàn thành","Không hoàn thành"))) -> Hoàn thành xuất sắc
A7: 2 | B7: Trần Thị B | C7: 40 | D7: 80 | E7: =AVERAGE(C7:D7) -> 60 | F7: 3 | G7: 3 | H7: =ROUND(E7 +F7 - G7,2) -> 60 | I7: =IF(H7>90,"Hoàn thành xuất sắc",IF(H7>=75,"Hoàn thành tốt",IF(H7>=60,"Hoàn thành","Không hoàn thành"))) -> Hoàn thành
A8: 3 | B8: Đặng Tiến C | C8: 90 | D8: 90 | E8: =AVERAGE(C8:D8) -> 90 | F8: 0 | G8: 0 | H8: =ROUND(E8 +F8 - G8,2) -> 90 | I8: =IF(H8>90,"Hoàn thành xuất sắc",IF(H8>=75,"Hoàn thành tốt",IF(H8>=60,"Hoàn thành","Không hoàn thành"))) -> Hoàn thành tốt
A9: 4 | B9: Lê Văn D | C9: 80 | D9: 80 | E9: =AVERAGE(C9:D9) -> 80 | F9: 0 | G9: 0 | H9: =ROUND(E9 +F9 - G9,2) -> 80 | I9: =IF(H9>90,"Hoàn thành xuất sắc",IF(H9>=75,"Hoàn thành tốt",IF(H9>=60,"Hoàn thành","Không hoàn thành"))) -> Hoàn thành tốt
A10: 5 | B10: ABC | C10: 70 | D10: 80 | E10: =AVERAGE(C10:D10) -> 75 | F10: 0 | G10: 3 | H10: =ROUND(E10 +F10 - G10,2) -> 72 | I10: =IF(H10>90,"Hoàn thành xuất sắc",IF(H10>=75,"Hoàn thành tốt",IF(H10>=60,"Hoàn thành","Không hoàn thành"))) -> Hoàn thành
A12: LÃNH ĐẠO PHÒNG | G12: ĐỘI TRƯỞNG
G13: (Ký, ghi rõ họ tên)

Sheet KPI_Thang5
A1: PHÒNG PA05 | D1: BẢNG TỔNG HỢP KẾT QUẢ CHẤM ĐIỂM
A2: ĐỘI ………. | D2: THỰC HIỆN NHIỆM VỤ THEO KPI CỦA CBCS THÁNG ………
A5: STT | B5: Họ và tên | C5: Công tác chuyên môn | D5: Công tác NVCB | E5: Điểm TB Chất lượng | F5: Điểm cộng | G5: Điểm trừ | H5: Tổng điểm (100) | I5: Xếp loại
A6: 1 | B6: Nguyễn Văn A | C6: 90 | D6: 90 | E6: =AVERAGE(C6:D6) -> 90 | F6: 5 | G6: 3 | H6: =ROUND(E6 +F6 - G6,2) -> 92 | I6: =IF(H6>90,"Hoàn thành xuất sắc",IF(H6>=75,"Hoàn thành tốt",IF(H6>=60,"Hoàn thành","Không hoàn thành"))) -> Hoàn thành xuất sắc
A7: 2 | B7: Trần Thị B | C7: 40 | D7: 80 | E7: =AVERAGE(C7:D7) -> 60 | F7: 3 | G7: 3 | H7: =ROUND(E7 +F7 - G7,2) -> 60 | I7: =IF(H7>90,"Hoàn thành xuất sắc",IF(H7>=75,"Hoàn thành tốt",IF(H7>=60,"Hoàn thành","Không hoàn thành"))) -> Hoàn thành
A8: 3 | B8: Đặng Tiến C | C8: 90 | D8: 90 | E8: =AVERAGE(C8:D8) -> 90 | F8: 0 | G8: 0 | H8: =ROUND(E8 +F8 - G8,2) -> 90 | I8: =IF(H8>90,"Hoàn thành xuất sắc",IF(H8>=75,"Hoàn thành tốt",IF(H8>=60,"Hoàn thành","Không hoàn thành"))) -> Hoàn thành tốt
A9: 4 | B9: Lê Văn D | C9: 80 | D9: 80 | E9: =AVERAGE(C9:D9) -> 80 | F9: 0 | G9: 0 | H9: =ROUND(E9 +F9 - G9,2) -> 80 | I9: =IF(H9>90,"Hoàn thành xuất sắc",IF(H9>=75,"Hoàn thành tốt",IF(H9>=60,"Hoàn thành","Không hoàn thành"))) -> Hoàn thành tốt
A10: 5 | B10: ABC | C10: 70 | D10: 80 | E10: =AVERAGE(C10:D10) -> 75 | F10: 0 | G10: 3 | H10: =ROUND(E10 +F10 - G10,2) -> 72 | I10: =IF(H10>90,"Hoàn thành xuất sắc",IF(H10>=75,"Hoàn thành tốt",IF(H10>=60,"Hoàn thành","Không hoàn thành"))) -> Hoàn thành
A12: LÃNH ĐẠO PHÒNG | G12: ĐỘI TRƯỞNG
G13: (Ký, ghi rõ họ tên)

Sheet KPI_Thang6
A1: PHÒNG PA05 | D1: BẢNG TỔNG HỢP KẾT QUẢ CHẤM ĐIỂM
A2: ĐỘI ………. | D2: THỰC HIỆN NHIỆM VỤ THEO KPI CỦA CBCS THÁNG ………
A5: STT | B5: Họ và tên | C5: Công tác chuyên môn | D5: Công tác NVCB | E5: Điểm TB Chất lượng | F5: Điểm cộng | G5: Điểm trừ | H5: Tổng điểm (100) | I5: Xếp loại
A6: 1 | B6: Nguyễn Văn A | C6: 90 | D6: 90 | E6: =AVERAGE(C6:D6) -> 90 | F6: 5 | G6: 3 | H6: =ROUND(E6 +F6 - G6,2) -> 92 | I6: =IF(H6>90,"Hoàn thành xuất sắc",IF(H6>=75,"Hoàn thành tốt",IF(H6>=60,"Hoàn thành","Không hoàn thành"))) -> Hoàn thành xuất sắc
A7: 2 | B7: Trần Thị B | C7: 40 | D7: 80 | E7: =AVERAGE(C7:D7) -> 60 | F7: 3 | G7: 3 | H7: =ROUND(E7 +F7 - G7,2) -> 60 | I7: =IF(H7>90,"Hoàn thành xuất sắc",IF(H7>=75,"Hoàn thành tốt",IF(H7>=60,"Hoàn thành","Không hoàn thành"))) -> Hoàn thành
A8: 3 | B8: Đặng Tiến C | C8: 90 | D8: 90 | E8: =AVERAGE(C8:D8) -> 90 | F8: 0 | G8: 0 | H8: =ROUND(E8 +F8 - G8,2) -> 90 | I8: =IF(H8>90,"Hoàn thành xuất sắc",IF(H8>=75,"Hoàn thành tốt",IF(H8>=60,"Hoàn thành","Không hoàn thành"))) -> Hoàn thành tốt
A9: 4 | B9: Lê Văn D | C9: 80 | D9: 80 | E9: =AVERAGE(C9:D9) -> 80 | F9: 0 | G9: 0 | H9: =ROUND(E9 +F9 - G9,2) -> 80 | I9: =IF(H9>90,"Hoàn thành xuất sắc",IF(H9>=75,"Hoàn thành tốt",IF(H9>=60,"Hoàn thành","Không hoàn thành"))) -> Hoàn thành tốt
A10: 5 | B10: ABC | C10: 70 | D10: 80 | E10: =AVERAGE(C10:D10) -> 75 | F10: 0 | G10: 3 | H10: =ROUND(E10 +F10 - G10,2) -> 72 | I10: =IF(H10>90,"Hoàn thành xuất sắc",IF(H10>=75,"Hoàn thành tốt",IF(H10>=60,"Hoàn thành","Không hoàn thành"))) -> Hoàn thành
A12: LÃNH ĐẠO PHÒNG | G12: ĐỘI TRƯỞNG
G13: (Ký, ghi rõ họ tên)

Sheet KPI_Thang7
A1: PHÒNG PA05 | D1: BẢNG TỔNG HỢP KẾT QUẢ CHẤM ĐIỂM
A2: ĐỘI ………. | D2: THỰC HIỆN NHIỆM VỤ THEO KPI CỦA CBCS THÁNG ………
A5: STT | B5: Họ và tên | C5: Công tác chuyên môn | D5: Công tác NVCB | E5: Điểm TB Chất lượng | F5: Điểm cộng | G5: Điểm trừ | H5: Tổng điểm (100) | I5: Xếp loại
A6: 1 | B6: Nguyễn Văn A | C6: 90 | D6: 90 | E6: =AVERAGE(C6:D6) -> 90 | F6: 5 | G6: 3 | H6: =ROUND(E6 +F6 - G6,2) -> 92 | I6: =IF(H6>90,"Hoàn thành xuất sắc",IF(H6>=75,"Hoàn thành tốt",IF(H6>=60,"Hoàn thành","Không hoàn thành"))) -> Hoàn thành xuất sắc
A7: 2 | B7: Trần Thị B | C7: 40 | D7: 80 | E7: =AVERAGE(C7:D7) -> 60 | F7: 3 | G7: 3 | H7: =ROUND(E7 +F7 - G7,2) -> 60 | I7: =IF(H7>90,"Hoàn thành xuất sắc",IF(H7>=75,"Hoàn thành tốt",IF(H7>=60,"Hoàn thành","Không hoàn thành"))) -> Hoàn thành
A8: 3 | B8: Đặng Tiến C | C8: 90 | D8: 90 | E8: =AVERAGE(C8:D8) -> 90 | F8: 0 | G8: 0 | H8: =ROUND(E8 +F8 - G8,2) -> 90 | I8: =IF(H8>90,"Hoàn thành xuất sắc",IF(H8>=75,"Hoàn thành tốt",IF(H8>=60,"Hoàn thành","Không hoàn thành"))) -> Hoàn thành tốt
A9: 4 | B9: Lê Văn D | C9: 80 | D9: 80 | E9: =AVERAGE(C9:D9) -> 80 | F9: 0 | G9: 0 | H9: =ROUND(E9 +F9 - G9,2) -> 80 | I9: =IF(H9>90,"Hoàn thành xuất sắc",IF(H9>=75,"Hoàn thành tốt",IF(H9>=60,"Hoàn thành","Không hoàn thành"))) -> Hoàn thành tốt
A10: 5 | B10: ABC | C10: 70 | D10: 80 | E10: =AVERAGE(C10:D10) -> 75 | F10: 0 | G10: 3 | H10: =ROUND(E10 +F10 - G10,2) -> 72 | I10: =IF(H10>90,"Hoàn thành xuất sắc",IF(H10>=75,"Hoàn thành tốt",IF(H10>=60,"Hoàn thành","Không hoàn thành"))) -> Hoàn thành
A12: LÃNH ĐẠO PHÒNG | G12: ĐỘI TRƯỞNG
G13: (Ký, ghi rõ họ tên)

Sheet KPI_Thang8
A1: PHÒNG PA05 | D1: BẢNG TỔNG HỢP KẾT QUẢ CHẤM ĐIỂM
A2: ĐỘI ………. | D2: THỰC HIỆN NHIỆM VỤ THEO KPI CỦA CBCS THÁNG ………
A5: STT | B5: Họ và tên | C5: Công tác chuyên môn | D5: Công tác NVCB | E5: Điểm TB Chất lượng | F5: Điểm cộng | G5: Điểm trừ | H5: Tổng điểm (100) | I5: Xếp loại
A6: 1 | B6: Nguyễn Văn A | C6: 90 | D6: 90 | E6: =AVERAGE(C6:D6) -> 90 | F6: 5 | G6: 3 | H6: =ROUND(E6 +F6 - G6,2) -> 92 | I6: =IF(H6>90,"Hoàn thành xuất sắc",IF(H6>=75,"Hoàn thành tốt",IF(H6>=60,"Hoàn thành","Không hoàn thành"))) -> Hoàn thành xuất sắc
A7: 2 | B7: Trần Thị B | C7: 40 | D7: 80 | E7: =AVERAGE(C7:D7) -> 60 | F7: 3 | G7: 3 | H7: =ROUND(E7 +F7 - G7,2) -> 60 | I7: =IF(H7>90,"Hoàn thành xuất sắc",IF(H7>=75,"Hoàn thành tốt",IF(H7>=60,"Hoàn thành","Không hoàn thành"))) -> Hoàn thành
A8: 3 | B8: Đặng Tiến C | C8: 90 | D8: 90 | E8: =AVERAGE(C8:D8) -> 90 | F8: 0 | G8: 0 | H8: =ROUND(E8 +F8 - G8,2) -> 90 | I8: =IF(H8>90,"Hoàn thành xuất sắc",IF(H8>=75,"Hoàn thành tốt",IF(H8>=60,"Hoàn thành","Không hoàn thành"))) -> Hoàn thành tốt
A9: 4 | B9: Lê Văn D | C9: 80 | D9: 80 | E9: =AVERAGE(C9:D9) -> 80 | F9: 0 | G9: 0 | H9: =ROUND(E9 +F9 - G9,2) -> 80 | I9: =IF(H9>90,"Hoàn thành xuất sắc",IF(H9>=75,"Hoàn thành tốt",IF(H9>=60,"Hoàn thành","Không hoàn thành"))) -> Hoàn thành tốt
A10: 5 | B10: ABC | C10: 70 | D10: 80 | E10: =AVERAGE(C10:D10) -> 75 | F10: 0 | G10: 3 | H10: =ROUND(E10 +F10 - G10,2) -> 72 | I10: =IF(H10>90,"Hoàn thành xuất sắc",IF(H10>=75,"Hoàn thành tốt",IF(H10>=60,"Hoàn thành","Không hoàn thành"))) -> Hoàn thành
A12: LÃNH ĐẠO PHÒNG | G12: ĐỘI TRƯỞNG
G13: (Ký, ghi rõ họ tên)

Sheet KPI_Thang9
A1: PHÒNG PA05 | D1: BẢNG TỔNG HỢP KẾT QUẢ CHẤM ĐIỂM
A2: ĐỘI ………. | D2: THỰC HIỆN NHIỆM VỤ THEO KPI CỦA CBCS THÁNG ………
A5: STT | B5: Họ và tên | C5: Công tác chuyên môn | D5: Công tác NVCB | E5: Điểm TB Chất lượng | F5: Điểm cộng | G5: Điểm trừ | H5: Tổng điểm (100) | I5: Xếp loại
A6: 1 | B6: Nguyễn Văn A | C6: 90 | D6: 90 | E6: =AVERAGE(C6:D6) -> 90 | F6: 5 | G6: 3 | H6: =ROUND(E6 +F6 - G6,2) -> 92 | I6: =IF(H6>90,"Hoàn thành xuất sắc",IF(H6>=75,"Hoàn thành tốt",IF(H6>=60,"Hoàn thành","Không hoàn thành"))) -> Hoàn thành xuất sắc
A7: 2 | B7: Trần Thị B | C7: 40 | D7: 80 | E7: =AVERAGE(C7:D7) -> 60 | F7: 3 | G7: 3 | H7: =ROUND(E7 +F7 - G7,2) -> 60 | I7: =IF(H7>90,"Hoàn thành xuất sắc",IF(H7>=75,"Hoàn thành tốt",IF(H7>=60,"Hoàn thành","Không hoàn thành"))) -> Hoàn thành
A8: 3 | B8: Đặng Tiến C | C8: 90 | D8: 90 | E8: =AVERAGE(C8:D8) -> 90 | F8: 0 | G8: 0 | H8: =ROUND(E8 +F8 - G8,2) -> 90 | I8: =IF(H8>90,"Hoàn thành xuất sắc",IF(H8>=75,"Hoàn thành tốt",IF(H8>=60,"Hoàn thành","Không hoàn thành"))) -> Hoàn thành tốt
A9: 4 | B9: Lê Văn D | C9: 80 | D9: 80 | E9: =AVERAGE(C9:D9) -> 80 | F9: 0 | G9: 0 | H9: =ROUND(E9 +F9 - G9,2) -> 80 | I9: =IF(H9>90,"Hoàn thành xuất sắc",IF(H9>=75,"Hoàn thành tốt",IF(H9>=60,"Hoàn thành","Không hoàn thành"))) -> Hoàn thành tốt
A10: 5 | B10: ABC | C10: 70 | D10: 80 | E10: =AVERAGE(C10:D10) -> 75 | F10: 0 | G10: 3 | H10: =ROUND(E10 +F10 - G10,2) -> 72 | I10: =IF(H10>90,"Hoàn thành xuất sắc",IF(H10>=75,"Hoàn thành tốt",IF(H10>=60,"Hoàn thành","Không hoàn thành"))) -> Hoàn thành
A12: LÃNH ĐẠO PHÒNG | G12: ĐỘI TRƯỞNG
G13: (Ký, ghi rõ họ tên)

Sheet KPI_Thang10
A1: PHÒNG PA05 | D1: BẢNG TỔNG HỢP KẾT QUẢ CHẤM ĐIỂM
A2: ĐỘI ………. | D2: THỰC HIỆN NHIỆM VỤ THEO KPI CỦA CBCS THÁNG ………
A5: STT | B5: Họ và tên | C5: Công tác chuyên môn | D5: Công tác NVCB | E5: Điểm TB Chất lượng | F5: Điểm cộng | G5: Điểm trừ | H5: Tổng điểm (100) | I5: Xếp loại
A6: 1 | B6: Nguyễn Văn A | C6: 90 | D6: 90 | E6: =AVERAGE(C6:D6) -> 90 | F6: 5 | G6: 3 | H6: =ROUND(E6 +F6 - G6,2) -> 92 | I6: =IF(H6>90,"Hoàn thành xuất sắc",IF(H6>=75,"Hoàn thành tốt",IF(H6>=60,"Hoàn thành","Không hoàn thành"))) -> Hoàn thành xuất sắc
A7: 2 | B7: Trần Thị B | C7: 40 | D7: 80 | E7: =AVERAGE(C7:D7) -> 60 | F7: 3 | G7: 3 | H7: =ROUND(E7 +F7 - G7,2) -> 60 | I7: =IF(H7>90,"Hoàn thành xuất sắc",IF(H7>=75,"Hoàn thành tốt",IF(H7>=60,"Hoàn thành","Không hoàn thành"))) -> Hoàn thành
A8: 3 | B8: Đặng Tiến C | C8: 90 | D8: 90 | E8: =AVERAGE(C8:D8) -> 90 | F8: 0 | G8: 0 | H8: =ROUND(E8 +F8 - G8,2) -> 90 | I8: =IF(H8>90,"Hoàn thành xuất sắc",IF(H8>=75,"Hoàn thành tốt",IF(H8>=60,"Hoàn thành","Không hoàn thành"))) -> Hoàn thành tốt
A9: 4 | B9: Lê Văn D | C9: 80 | D9: 80 | E9: =AVERAGE(C9:D9) -> 80 | F9: 0 | G9: 0 | H9: =ROUND(E9 +F9 - G9,2) -> 80 | I9: =IF(H9>90,"Hoàn thành xuất sắc",IF(H9>=75,"Hoàn thành tốt",IF(H9>=60,"Hoàn thành","Không hoàn thành"))) -> Hoàn thành tốt
A10: 5 | B10: ABC | C10: 70 | D10: 80 | E10: =AVERAGE(C10:D10) -> 75 | F10: 0 | G10: 3 | H10: =ROUND(E10 +F10 - G10,2) -> 72 | I10: =IF(H10>90,"Hoàn thành xuất sắc",IF(H10>=75,"Hoàn thành tốt",IF(H10>=60,"Hoàn thành","Không hoàn thành"))) -> Hoàn thành
A12: LÃNH ĐẠO PHÒNG | G12: ĐỘI TRƯỞNG
G13: (Ký, ghi rõ họ tên)

Sheet KPI_Thang11
A1: PHÒNG PA05 | D1: BẢNG TỔNG HỢP KẾT QUẢ CHẤM ĐIỂM
A2: ĐỘI ………. | D2: THỰC HIỆN NHIỆM VỤ THEO KPI CỦA CBCS THÁNG ………
A5: STT | B5: Họ và tên | C5: Công tác chuyên môn | D5: Công tác NVCB | E5: Điểm TB Chất lượng | F5: Điểm cộng | G5: Điểm trừ | H5: Tổng điểm (100) | I5: Xếp loại
A6: 1 | B6: Nguyễn Văn A | C6: 90 | D6: 90 | E6: =AVERAGE(C6:D6) -> 90 | F6: 5 | G6: 3 | H6: =ROUND(E6 +F6 - G6,2) -> 92 | I6: =IF(H6>90,"Hoàn thành xuất sắc",IF(H6>=75,"Hoàn thành tốt",IF(H6>=60,"Hoàn thành","Không hoàn thành"))) -> Hoàn thành xuất sắc
A7: 2 | B7: Trần Thị B | C7: 40 | D7: 80 | E7: =AVERAGE(C7:D7) -> 60 | F7: 3 | G7: 3 | H7: =ROUND(E7 +F7 - G7,2) -> 60 | I7: =IF(H7>90,"Hoàn thành xuất sắc",IF(H7>=75,"Hoàn thành tốt",IF(H7>=60,"Hoàn thành","Không hoàn thành"))) -> Hoàn thành
A8: 3 | B8: Đặng Tiến C | C8: 90 | D8: 90 | E8: =AVERAGE(C8:D8) -> 90 | F8: 0 | G8: 0 | H8: =ROUND(E8 +F8 - G8,2) -> 90 | I8: =IF(H8>90,"Hoàn thành xuất sắc",IF(H8>=75,"Hoàn thành tốt",IF(H8>=60,"Hoàn thành","Không hoàn thành"))) -> Hoàn thành tốt
A9: 4 | B9: Lê Văn D | C9: 80 | D9: 80 | E9: =AVERAGE(C9:D9) -> 80 | F9: 0 | G9: 0 | H9: =ROUND(E9 +F9 - G9,2) -> 80 | I9: =IF(H9>90,"Hoàn thành xuất sắc",IF(H9>=75,"Hoàn thành tốt",IF(H9>=60,"Hoàn thành","Không hoàn thành"))) -> Hoàn thành tốt
A10: 5 | B10: ABC | C10: 70 | D10: 80 | E10: =AVERAGE(C10:D10) -> 75 | F10: 0 | G10: 3 | H10: =ROUND(E10 +F10 - G10,2) -> 72 | I10: =IF(H10>90,"Hoàn thành xuất sắc",IF(H10>=75,"Hoàn thành tốt",IF(H10>=60,"Hoàn thành","Không hoàn thành"))) -> Hoàn thành
A12: LÃNH ĐẠO PHÒNG | G12: ĐỘI TRƯỞNG
G13: (Ký, ghi rõ họ tên)

Sheet KPI_Thang12
A1: PHÒNG PA05 | D1: BẢNG TỔNG HỢP KẾT QUẢ CHẤM ĐIỂM
A2: ĐỘI ………. | D2: THỰC HIỆN NHIỆM VỤ THEO KPI CỦA CBCS THÁNG ………
A5: STT | B5: Họ và tên | C5: Công tác chuyên môn | D5: Công tác NVCB | E5: Điểm TB Chất lượng | F5: Điểm cộng | G5: Điểm trừ | H5: Tổng điểm (100) | I5: Xếp loại
A6: 1 | B6: Nguyễn Văn A | C6: 90 | D6: 90 | E6: =AVERAGE(C6:D6) -> 90 | F6: 5 | G6: 3 | H6: =ROUND(E6 +F6 - G6,2) -> 92 | I6: =IF(H6>90,"Hoàn thành xuất sắc",IF(H6>=75,"Hoàn thành tốt",IF(H6>=60,"Hoàn thành","Không hoàn thành"))) -> Hoàn thành xuất sắc
A7: 2 | B7: Trần Thị B | C7: 40 | D7: 80 | E7: =AVERAGE(C7:D7) -> 60 | F7: 3 | G7: 3 | H7: =ROUND(E7 +F7 - G7,2) -> 60 | I7: =IF(H7>90,"Hoàn thành xuất sắc",IF(H7>=75,"Hoàn thành tốt",IF(H7>=60,"Hoàn thành","Không hoàn thành"))) -> Hoàn thành
A8: 3 | B8: Đặng Tiến C | C8: 90 | D8: 90 | E8: =AVERAGE(C8:D8) -> 90 | F8: 0 | G8: 0 | H8: =ROUND(E8 +F8 - G8,2) -> 90 | I8: =IF(H8>90,"Hoàn thành xuất sắc",IF(H8>=75,"Hoàn thành tốt",IF(H8>=60,"Hoàn thành","Không hoàn thành"))) -> Hoàn thành tốt
A9: 4 | B9: Lê Văn D | C9: 80 | D9: 80 | E9: =AVERAGE(C9:D9) -> 80 | F9: 0 | G9: 0 | H9: =ROUND(E9 +F9 - G9,2) -> 80 | I9: =IF(H9>90,"Hoàn thành xuất sắc",IF(H9>=75,"Hoàn thành tốt",IF(H9>=60,"Hoàn thành","Không hoàn thành"))) -> Hoàn thành tốt
A10: 5 | B10: ABC | C10: 70 | D10: 80 | E10: 90 | F10: 0 | G10: 3 | H10: =ROUND(E10 +F10 - G10,2) -> 87 | I10: =IF(H10>90,"Hoàn thành xuất sắc",IF(H10>=75,"Hoàn thành tốt",IF(H10>=60,"Hoàn thành","Không hoàn thành"))) -> Hoàn thành tốt
A12: LÃNH ĐẠO PHÒNG | G12: ĐỘI TRƯỞNG
G13: (Ký, ghi rõ họ tên)

Sheet năm
A1: PHÒNG PA05 | D1: BẢNG TỔNG HỢP KẾT QUẢ CHẤM ĐIỂM
A2: ĐỘI ………. | D2: THỰC HIỆN NHIỆM VỤ CỦA CBCS NĂM…..
A5: STT | B5: Họ và tên | C5: Tháng 1 | D5: Tháng 2 | E5: Tháng 3 | F5: Tháng 4 | G5: Tháng 5 | H5: Tháng 6 | I5: Tháng 7 | J5: Tháng 8 | K5: Tháng 9 | L5: Tháng 10 | M5: Tháng 11 | N5: Tháng 12 | O5: Điểm TB năm | P5: Xếp loại năm
A6: 1 | B6: =INDEX(KPI_Thang1!$B:$B, ROW(A6)) -> Nguyễn Văn A | C6: =INDEX(KPI_Thang1!$H:$H, ROW(A6)) -> 92 | D6: =INDEX(KPI_Thang2!$H:$H, ROW(A6)) -> 72 | E6: =INDEX(KPI_Thang3!$H:$H, ROW(A6)) -> 92 | F6: =INDEX(KPI_Thang4!$H:$H, ROW(A6)) -> 92 | G6: =INDEX(KPI_Thang5!$H:$H, ROW(A6)) -> 92 | H6: =INDEX(KPI_Thang6!$H:$H, ROW(A6)) -> 92 | I6: =INDEX(KPI_Thang7!$H:$H, ROW(A6)) -> 92 | J6: =INDEX(KPI_Thang8!$H:$H, ROW(A6)) -> 92 | K6: =INDEX(KPI_Thang9!$H:$H, ROW(A6)) -> 92 | L6: =INDEX(KPI_Thang10!$H:$H, ROW(A6)) -> 92 | M6: =INDEX(KPI_Thang11!$H:$H, ROW(A6)) -> 92 | N6: =INDEX(KPI_Thang12!$H:$H, ROW(A6)) -> 92 | O6: =ROUND(AVERAGE(C6:N6),2) -> 90.33 | P6: =IF(O6>90,"Xuất sắc",IF(O6>=75,"Tốt",IF(O6>=60,"Hoàn Thành","Không Hoàn Thành"))) -> Xuất sắc
A7: 2 | B7: =INDEX(KPI_Thang1!$B:$B, ROW(A7)) -> Trần Thị B | C7: =INDEX(KPI_Thang1!$H:$H, ROW(A7)) -> 60 | D7: =INDEX(KPI_Thang2!$H:$H, ROW(A7)) -> 76 | E7: =INDEX(KPI_Thang3!$H:$H, ROW(A7)) -> 60 | F7: =INDEX(KPI_Thang4!$H:$H, ROW(A7)) -> 60 | G7: =INDEX(KPI_Thang5!$H:$H, ROW(A7)) -> 60 | H7: =INDEX(KPI_Thang6!$H:$H, ROW(A7)) -> 60 | I7: =INDEX(KPI_Thang7!$H:$H, ROW(A7)) -> 60 | J7: =INDEX(KPI_Thang8!$H:$H, ROW(A7)) -> 60 | K7: =INDEX(KPI_Thang9!$H:$H, ROW(A7)) -> 60 | L7: =INDEX(KPI_Thang10!$H:$H, ROW(A7)) -> 60 | M7: =INDEX(KPI_Thang11!$H:$H, ROW(A7)) -> 60 | N7: =INDEX(KPI_Thang12!$H:$H, ROW(A7)) -> 60 | O7: =ROUND(AVERAGE(C7:N7),2) -> 61.33 | P7: =IF(O7>90,"Xuất sắc",IF(O7>=75,"Tốt",IF(O7>=60,"Hoàn Thành","Không Hoàn Thành"))) -> Hoàn Thành
A8: 3 | B8: =INDEX(KPI_Thang1!$B:$B, ROW(A8)) -> Đặng Tiến C | C8: =INDEX(KPI_Thang1!$H:$H, ROW(A8)) -> 90 | D8: =INDEX(KPI_Thang2!$H:$H, ROW(A8)) -> 95 | E8: =INDEX(KPI_Thang3!$H:$H, ROW(A8)) -> 90 | F8: =INDEX(KPI_Thang4!$H:$H, ROW(A8)) -> 90 | G8: =INDEX(KPI_Thang5!$H:$H, ROW(A8)) -> 90 | H8: =INDEX(KPI_Thang6!$H:$H, ROW(A8)) -> 90 | I8: =INDEX(KPI_Thang7!$H:$H, ROW(A8)) -> 90 | J8: =INDEX(KPI_Thang8!$H:$H, ROW(A8)) -> 90 | K8: =INDEX(KPI_Thang9!$H:$H, ROW(A8)) -> 90 | L8: =INDEX(KPI_Thang10!$H:$H, ROW(A8)) -> 90 | M8: =INDEX(KPI_Thang11!$H:$H, ROW(A8)) -> 90 | N8: =INDEX(KPI_Thang12!$H:$H, ROW(A8)) -> 90 | O8: =ROUND(AVERAGE(C8:N8),2) -> 90.42 | P8: =IF(O8>90,"Xuất sắc",IF(O8>=75,"Tốt",IF(O8>=60,"Hoàn Thành","Không Hoàn Thành"))) -> Xuất sắc
A9: 4 | B9: =INDEX(KPI_Thang1!$B:$B, ROW(A9)) -> Lê Văn D | C9: =INDEX(KPI_Thang1!$H:$H, ROW(A9)) -> 80 | D9: =INDEX(KPI_Thang2!$H:$H, ROW(A9)) -> 83.5 | E9: =INDEX(KPI_Thang3!$H:$H, ROW(A9)) -> 80 | F9: =INDEX(KPI_Thang4!$H:$H, ROW(A9)) -> 80 | G9: =INDEX(KPI_Thang5!$H:$H, ROW(A9)) -> 80 | H9: =INDEX(KPI_Thang6!$H:$H, ROW(A9)) -> 80 | I9: =INDEX(KPI_Thang7!$H:$H, ROW(A9)) -> 80 | J9: =INDEX(KPI_Thang8!$H:$H, ROW(A9)) -> 80 | K9: =INDEX(KPI_Thang9!$H:$H, ROW(A9)) -> 80 | L9: =INDEX(KPI_Thang10!$H:$H, ROW(A9)) -> 80 | M9: =INDEX(KPI_Thang11!$H:$H, ROW(A9)) -> 80 | N9: =INDEX(KPI_Thang12!$H:$H, ROW(A9)) -> 80 | O9: =ROUND(AVERAGE(C9:N9),2) -> 80.29 | P9: =IF(O9>90,"Xuất sắc",IF(O9>=75,"Tốt",IF(O9>=60,"Hoàn Thành","Không Hoàn Thành"))) -> Tốt
A10: 5 | B10: =INDEX(KPI_Thang1!$B:$B, ROW(A10)) -> ABC | C10: =INDEX(KPI_Thang1!$H:$H, ROW(A10)) -> 72 | D10: =INDEX(KPI_Thang2!$H:$H, ROW(A10)) -> 67.5 | E10: =INDEX(KPI_Thang3!$H:$H, ROW(A10)) -> 72 | F10: =INDEX(KPI_Thang4!$H:$H, ROW(A10)) -> 72 | G10: =INDEX(KPI_Thang5!$H:$H, ROW(A10)) -> 72 | H10: =INDEX(KPI_Thang6!$H:$H, ROW(A10)) -> 72 | I10: =INDEX(KPI_Thang7!$H:$H, ROW(A10)) -> 72 | J10: =INDEX(KPI_Thang8!$H:$H, ROW(A10)) -> 72 | K10: =INDEX(KPI_Thang9!$H:$H, ROW(A10)) -> 72 | L10: =INDEX(KPI_Thang10!$H:$H, ROW(A10)) -> 72 | M10: =INDEX(KPI_Thang11!$H:$H, ROW(A10)) -> 72 | N10: =INDEX(KPI_Thang12!$H:$H, ROW(A10)) -> 87 | O10: =ROUND(AVERAGE(C10:N10),2) -> 72.88 | P10: =IF(O10>90,"Xuất sắc",IF(O10>=75,"Tốt",IF(O10>=60,"Hoàn Thành","Không Hoàn Thành"))) -> Hoàn Thành
B12: LÃNH ĐẠO PHÒNG | L12: ĐỘI TRƯỞNG
L13: (Ký, ghi rõ họ tên)
